{
  "pairs": [
    {
      "female": "https://i.ibb.co/W2yFbJN/1723862790316.jpg",
      "male": "https://i.ibb.co/ccGZ55x/1723862786786.jpg"
    },
    {
      "female": "https://i.ibb.co/2dzJjG6/1723862798308.jpg",
      "male": "https://i.ibb.co/CKVJnz6/1723862794625.jpg"
    },
    {
      "female": "https://i.ibb.co/r5PFC0j/1723862812040.jpg",
      "male": "https://i.ibb.co/x3zbjBB/1723862808437.jpg"
    },
    {
      "female": "https://i.ibb.co/NyPDMmc/1723862832730.jpg",
      "male": "https://i.ibb.co/JK1w6kq/1723862836597.jpg"
    },
    {
      "female": "https://i.ibb.co/k10fsQT/1723862844917.jpg",
      "male": "https://i.ibb.co/02PYvdL/1723862840282.jpg"
    },
    {
      "female": "https://i.ibb.co/jDNCLQz/1723862858311.jpg",
      "male": "https://i.ibb.co/Bg4nnGd/1723862854082.jpg"
    },
    {
      "female": "https://i.ibb.co/th0jKhT/1723862865041.jpg",
      "male": "https://i.ibb.co/gzkgvjL/1723862861884.jpg"
    },
    {
      "female": "https://i.ibb.co/S6hVBHd/1723862871325.jpg",
      "male": "https://i.ibb.co/X5ctJHR/1723862868249.jpg"
    },
    {
      "female": "https://i.ibb.co/DzLqyd0/1723862882853.jpg",
      "male": "https://i.ibb.co/P5Tjv3x/1723862879896.jpg"
    },
    {
      "female": "https://i.ibb.co/f2BWHB5/1723862891666.jpg",
      "male": "https://i.ibb.co/nQC0my7/1723862887774.jpg"
    },
    {
      "female": "https://i.ibb.co/cD82G6S/1723862911042.jpg",
      "male": "https://i.ibb.co/x2G65fN/1723862907650.jpg"
    },
    {
      "female": "https://i.ibb.co/TW8yRF4/1723862899062.jpg",
      "male": "https://i.ibb.co/wW2K3tv/1723862895603.jpg"
    },
    {
      "female": "https://i.ibb.co/6rCRFPQ/1723862939290.jpg",
      "male": "https://i.ibb.co/McXKSbv/1723862942453.jpg"
    },
    {
      "female": "https://i.ibb.co/PQ8CnbK/1723862951816.jpg",
      "male": "https://i.ibb.co/Gc57Ls5/1723862955072.jpg"
    },
    {
      "female": "https://i.ibb.co/Hd79KT2/1723862964480.jpg",
      "male": "https://i.ibb.co/7z9ChyP/1723862967689.jpg"
    },
    {
      "female": "https://i.ibb.co/HpgTm9W/1723862972697.jpg",
      "male": "https://i.ibb.co/Ctp5WgT/1723862975953.jpg"
    },
    {
      "female": "https://i.ibb.co/3pGz8xy/1723862991100.jpg",
      "male": "https://i.ibb.co/HC6gYqg/1723862994091.jpg"
    },
    {
      "female": "https://i.ibb.co/ypSmDPC/1723863002048.jpg",
      "male": "https://i.ibb.co/3RKtLhw/1723863005523.jpg"
    },
    {
      "female": "https://i.ibb.co/6bBNXd2/1723863051789.jpg",
      "male": "https://i.ibb.co/L91Jwk9/1723863046252.jpg"
    },
    {
      "female": "https://i.ibb.co/r0ybhkq/1723863058674.jpg",
      "male": "https://i.ibb.co/9hnXCcK/1723863055609.jpg"
    },
    {
      "female": "https://i.ibb.co/wKRsP2q/1723863062085.jpg",
      "male": "https://i.ibb.co/FJ2dvdw/1723863065418.jpg"
    },
    {
      "female": "https://i.ibb.co/xHKxGY4/1723863071528.jpg",
      "male": "https://i.ibb.co/b7GzpnB/1723863068607.jpg"
    },
    {
      "female": "https://i.ibb.co/9hj9Z4r/1723863093053.jpg",
      "male": "https://i.ibb.co/qygCNWR/1723863095602.jpg"
    },
    {
      "female": "https://i.ibb.co/b39Z896/1723863099427.jpg",
      "male": "https://i.ibb.co/Vv72WMY/1723863102229.jpg"
    },
    {
      "female": "https://i.ibb.co/6nZ5tsG/1723863108316.jpg",
      "male": "https://i.ibb.co/zFNxnmP/1723863105633.jpg"
    },
    {
      "female": "https://i.ibb.co/LJDS6pY/1723863119869.jpg",
      "male": "https://i.ibb.co/RTN2Z7t/1723863117068.jpg"
    },
    {
      "female": "https://i.ibb.co/5hZWjWn/1723863128263.jpg",
      "male": "https://i.ibb.co/MBVWXyF/1723863125845.jpg"
    },
    {
      "female": "https://i.ibb.co/P4nqXkp/1723863141577.jpg",
      "male": "https://i.ibb.co/g72jLkg/1723863144265.jpg"
    },
    {
      "female": "https://i.ibb.co/5x7CrDB/1723863147174.jpg",
      "male": "https://i.ibb.co/WPFYL5W/1723863150082.jpg"
    },
    {
      "female": "https://i.ibb.co/nDwJhj8/1723863169982.jpg",
      "male": "https://i.ibb.co/VMr1CrX/1723863167237.jpg"
    },
    {
      "female": "https://i.ibb.co/M5tMWDt/1723863174071.jpg",
      "male": "https://i.ibb.co/n79q0n3/1723863176860.jpg"
    },
    {
      "female": "https://i.ibb.co/nLy0Jqc/1723863179920.jpg",
      "male": "https://i.ibb.co/N1vShtx/1723863182691.jpg"
    },
    {
      "female": "https://i.ibb.co/C7gpWcC/1723863188758.jpg",
      "male": "https://i.ibb.co/mJxtm6z/1723863185725.jpg"
    },
    {
      "female": "https://i.ibb.co/vJrcd2d/1723863191610.jpg",
      "male": "https://i.ibb.co/0D7Qy8S/1723863194454.jpg"
    },
    {
      "female": "https://i.ibb.co/fd7bZM0/1723863217410.jpg",
      "male": "https://i.ibb.co/8j46H8w/1723863214566.jpg"
    },
    {
      "female": "https://i.ibb.co/B4YZjTW/1723863220093.jpg",
      "male": "https://i.ibb.co/sm0nP5x/1723863222788.jpg"
    },
    {
      "female": "https://i.ibb.co/2S88nnX/1723863225918.jpg",
      "male": "https://i.ibb.co/brS3brT/1723863228592.jpg"
    },
    {
      "female": "https://i.ibb.co/vH3dSXG/1723863234256.jpg",
      "male": "https://i.ibb.co/m442mPQ/1723863231453.jpg"
    },
    {
      "female": "https://i.ibb.co/6Wg6Lt9/1723863237076.jpg",
      "male": "https://i.ibb.co/B2rYhB3/1723863239790.jpg"
    },
    {
      "female": "https://i.ibb.co/CwF3tGT/1723863250449.jpg",
      "male": "https://i.ibb.co/pWWKbDH/1723863247889.jpg"
    },
    {
      "female": "https://i.ibb.co/t8KRK4H/1723863257295.jpg",
      "male": "https://i.ibb.co/h7LFbLd/1723863254321.jpg"
    },
    {
      "female": "https://i.ibb.co/C5M4SjP/1723863260212.jpg",
      "male": "https://i.ibb.co/zndQtck/1723863263015.jpg"
    },
    {
      "female": "https://i.ibb.co/31cs0vN/1723863269399.jpg",
      "male": "https://i.ibb.co/GxN4gZd/1723863265951.jpg"
    },
    {
      "female": "https://i.ibb.co/br2Njnk/1723863278701.jpg",
      "male": "https://i.ibb.co/dmTZT1W/1723863281195.jpg"
    },
    {
      "female": "https://i.ibb.co/ZG574Zy/1723863291194.jpg",
      "male": "https://i.ibb.co/x3SS6sn/1723863293789.jpg"
    },
    {
      "female": "https://i.ibb.co/NLd2WD9/1723863296458.jpg",
      "male": "https://i.ibb.co/g7dSTsk/1723863299197.jpg"
    },
    {
      "female": "https://i.ibb.co/sFBMpZm/1723863302280.jpg",
      "male": "https://i.ibb.co/1sYtnqg/1723863305222.jpg"
    },
    {
      "female": "https://i.ibb.co/CmjZd9V/1723863312152.jpg",
      "male": "https://i.ibb.co/tcpDL7w/1723863309693.jpg"
    },
    {
      "female": "https://i.ibb.co/WnKDfHB/1723863342330.jpg",
      "male": "https://i.ibb.co/yd1wCp1/1723863339843.jpg"
    },
    {
      "female": "https://i.ibb.co/2vF0vsB/1723863357773.jpg",
      "male": "https://i.ibb.co/CBJkfBd/1723863354723.jpg"
    },
    {
      "female": "https://i.ibb.co/8PBSYX6/1723863366418.jpg",
      "male": "https://i.ibb.co/f4wkKdy/1723863363388.jpg"
    },
    {
      "female": "https://i.ibb.co/jZ0xKZR/1723863369682.jpg",
      "male": "https://i.ibb.co/F7X5Br7/1723863372674.jpg"
    },
    {
      "female": "https://i.ibb.co/LnXTZzB/Save-Clip-App-455216494-516410600771032-7129231718693043328-n.jpg",
      "male": "https://i.ibb.co/N6N6XPg/Save-Clip-App-455623527-516410587437700-9144847291522054568-n.jpg"
    },
    {
      "female": "https://i.ibb.co/YkBXthV/Save-Clip-App-453723899-382311037887010-7988361552307493356-n.jpg",
      "male": "https://i.ibb.co/bmBqpJ6/Save-Clip-App-453657932-381161291353626-4745567642988493874-n.jpg"
    },
    {
      "female": "https://i.ibb.co/wSZLkhg/Save-Clip-App-450515032-1024692246040691-4596175338847593158-n.jpg",
      "male": "https://i.ibb.co/BP7pKpn/Save-Clip-App-450210840-1918054641974772-3698656783778878914-n.jpg"
    },
    {
      "female": "https://i.ibb.co/rbfmLwZ/Save-Clip-App-444860026-1492452348330469-8980268481178236707-n.jpg",
      "male": "https://i.ibb.co/ZMmcBdk/Save-Clip-App-444479181-2116935185359125-5324765113712365387-n.jpg"
    },
    {
      "female": "https://i.ibb.co/JFmDcbW/Save-Clip-App-412873164-380895174322576-7233942670641864913-n.jpg",
      "male": "https://i.ibb.co/rkR93xN/Save-Clip-App-412914340-380895170989243-508367882537317933-n.jpg"
    },
    {
      "female": "https://i.ibb.co/LtgfwqD/Save-Clip-App-403987832-363075622944547-643701952983823334-n.jpg",
      "male": "https://i.ibb.co/bLknT8S/Save-Clip-App-404318739-858977202534200-8520215352255297313-n.jpg"
    },
    {
      "female": "https://i.ibb.co/0Yy4Y31/b817ba46091a87e7e1d37e7f43ce4336.jpg",
      "male": "https://i.ibb.co/8MgVw0H/0c1e135fa845ceb790c0b375b539ff36.jpg"
    },
    {
      "female": "https://i.ibb.co/tcgS8Wh/Messenger-creation-1049137736942979.jpg",
      "male": "https://i.ibb.co/TbqZcCf/received-1513190809288476.jpg"
    },
    {
      "female": "https://i.ibb.co/dgwwFG8/received-1573077713554063.jpg",
      "male": "https://i.ibb.co/dfvgcHr/received-542910924974434.jpg"
    },
    {
      "female": "https://i.ibb.co/9sJvMpj/received-3352366358402961.jpg",
      "male": "https://i.ibb.co/sj8ffmJ/received-425760063847341.jpg"
    },
    {
      "female": "https://i.ibb.co/4fzXK38/IMG-20240908-224728.jpg",
      "male": "https://i.ibb.co/0jvFySQ/IMG-20240908-224817.jpg"
    },
    {
      "female": "https://i.imgur.com/h4M2CZR.jpg",
      "male": "https://i.imgur.com/YvtMInp.jpg"
    },
    {
      "female": "https://i.imgur.com/obAvbKA.jpg",
      "male": "https://i.imgur.com/c1ZxMhc.jpg"
    },
    {
      "female": "https://i.imgur.com/qXEffPR.jpg",
      "male": "https://i.imgur.com/GWDc1mv.jpg"
    },
    {
      "female": "https://i.imgur.com/hmkoFII.jpg",
      "male": "https://i.imgur.com/Xl1kVkO.jpg"
    },
    {
      "female": "https://i.imgur.com/B3Y7nw9.jpg",
      "male": "https://i.imgur.com/Ywlhax2.jpg"
    },
    {
      "female": "https://i.imgur.com/d0sQFcB.jpg",
      "male": "https://i.imgur.com/opaUuYy.jpg"
    },
    {
      "female": "https://i.imgur.com/6qcAaid.jpg",
      "male": "https://i.imgur.com/HdX2YF6.jpg"
    },
    {
      "female": "https://i.imgur.com/ywYc69v.jpg",
      "male": "https://i.imgur.com/pGSGHeT.jpg"
    },
    {
      "female": "https://i.imgur.com/B3trXAr.jpg",
      "male": "https://i.imgur.com/tWxDPLD.jpg"
    },
    {
      "female": "https://i.imgur.com/ojwdLvk.jpg",
      "male": "https://i.imgur.com/tfL79rU.jpg"
    },
    {
      "female": "https://i.imgur.com/hQLEMMs.jpg",
      "male": "https://i.imgur.com/l3MBej9.jpg"
    },
    {
      "female": "https://i.imgur.com/bYrgKUs.jpg",
      "male": "https://i.imgur.com/6OaGAyg.jpg"
    },
    {
      "female": "https://i.imgur.com/49JMQIX.jpg",
      "male": "https://i.imgur.com/q4CTI0i.jpg"
    },
    {
      "female": "https://i.imgur.com/HFYhar9.jpg",
      "male": "https://i.imgur.com/PTraL7X.jpg"
    },
    {
      "female": "https://i.imgur.com/YHGvvIx.jpg",
      "male": "https://i.imgur.com/DxpkPpR.jpg"
    },
    {
      "female": "https://i.imgur.com/78HO5Ck.jpg",
      "male": "https://i.imgur.com/3YK0KsN.jpg"
    },
    {
      "female": "https://i.imgur.com/60fJujb.jpg",
      "male": "https://i.imgur.com/1tF3Utn.jpg"
    },
    {
      "female": "https://i.imgur.com/8GkTsVT.jpg",
      "male": "https://i.imgur.com/KJCLJQY.jpg"
    },
    {
      "female": "https://i.imgur.com/ERyMHxB.jpg",
      "male": "https://i.imgur.com/LMha86v.jpg"
    },
    {
      "female": "https://i.imgur.com/Hq9vOLU.jpg",
      "male": "https://i.imgur.com/OOHFluX.jpg"
    },
    {
      "female": "https://i.imgur.com/Hgm6oQx.jpg",
      "male": "https://i.imgur.com/dqnOdSo.jpg"
    },
    {
      "female": "https://i.imgur.com/hNdJjqs.jpg",
      "male": "https://i.imgur.com/qL4hdoa.jpg"
    },
    {
      "female": "https://i.imgur.com/uvO4f7m.jpg",
      "male": "https://i.imgur.com/Q6H1r15.jpg"
    },
    {
      "female": "https://i.imgur.com/LNYKtsh.jpg",
      "male": "https://i.imgur.com/FobOfE8.jpg"
    },
    {
      "female": "https://i.imgur.com/Q2tf2pi.jpg",
      "male": "https://i.imgur.com/XnHNuCD.jpg"
    },
    {
      "female": "https://i.imgur.com/8fZMFt5.jpg",
      "male": "https://i.imgur.com/XnHNuCD.jpg"
    },
    {
      "female": "https://i.imgur.com/PalzN1b.jpg",
      "male": "https://i.imgur.com/S1G1lbf.jpg"
    },
    {
      "female": "https://i.imgur.com/P2w9dj8.jpg",
      "male": "https://i.imgur.com/5ZTb1co.jpg"
    },
    {
      "female": "https://i.imgur.com/z48WCpx.jpg",
      "male": "https://i.imgur.com/LlhweZY.jpg"
    },
    {
      "female": "https://i.imgur.com/aZq5Juf.jpg",
      "male": "https://i.imgur.com/HEbjKX4.jpg"
    },
    {
      "female": "https://i.ibb.co/stPgXDs/img-4-1727875370391.webp",
      "male": "https://i.ibb.co/4J9n81V/img-5-1727875381450.webp"
    }
  ]
}
