{
  "24886502680995436": {
    "name": "☬☠✘مَِٰمَِٰلَٖڪةـة༒ آِإَلَٖهِٰلَٖآِإَڪ☠✘☬",
    "timestamp": 1715525586705
  },
  "25550829791228609": {
    "name": "🔱👑إمبراطورية القبائل المتحدة👑🔱",
    "timestamp": 1716484079904
  },
  "25633263442954490": {
    "name": "✇ [ قبيـــلة_الســـاموراي ] ✇[9★][C]",
    "timestamp": 1716458106961
  },
  "6247355855377194": {
    "name": "ＳＰＥＣＩＡＬ ＦＯＲＣＥＳ🥷🏻⁀➴your sister𓆩⚝𓆪",
    "timestamp": 1716599084235
  },
  "8524996140845258": {
    "name": "Test BOT",
    "timestamp": 1727358351515
  }
}