{"100076269693499":{"name":"HUSSEIN YACOUBI󱢏","points":541},"100087954049726":{"name":"ᎷᏫᏫᏁ ᏞᎥᎶᎻᎿ","points":550},"100069718826625":{"name":"SN OW","points":2800},"100089754126269":{"name":"Rio くみ","points":100},"100089085129381":{"name":"Mohāmed Nøur B'c","points":150},"61558048971156":{"name":"ملك الهلاك","points":50},"100088356795533":{"name":"شيكو مازن","points":700},"61556437215726":{"name":"إيتاشي أوتشيها","points":100},"100094369153906":{"name":"سندويتش مقلية","points":200},"100088709544285":{"name":"ﭕ٭ﭕ﴿سہاشہٰ۬و﴾ ﭕ٭ﭕ 'ﮧ'ۦ","points":50},"100094669517120":{"name":"Abde Alrzak Bell","points":3050},"100090863636759":{"name":"روميو 'ے","points":50},"100088419647766":{"name":"Řıo Kø","points":850},"61554644708904":{"name":"Omar Omar","points":700},"100089767423936":{"name":"ۦۦٰ۪۫ۦٰ۪۫ۦٰ۪۫ۦ ۦۦٰ۪۫ۦٰ۪۫ۦٰ۪۫ ۦۦٰ۪۫ۦٰ۪۫ۦٰ۪۫ۦ ۦۦٰ۪۫ۦٰ۪۫ۦٰ۪۫","points":150},"100056413220398":{"name":"ٱٱ. انا برك","points":200},"61551687718109":{"name":"ميكاسا اكرمان","points":100},"61558014472653":{"name":"CH Xqt","points":200},"61557758948217":{"name":"مصعب احمد","points":100},"61550745913494":{"name":"Ali Sinada","points":1100},"100029292540074":{"name":"Sakura Sako Shiranui","points":50},"100081380753747":{"name":"ود البورت","points":200},"61559806581141":{"name":"Haytam San","points":400},"100045917385078":{"name":"مہنہصہور آل نہعہيہمہيہ","points":750},"61556113566171":{"name":"آلآسہد جہريہح","points":100},"61558006332317":{"name":"Shika Maru","points":450},"100089959842607":{"name":"ᏋᏝ ᏉᎥᏦᏖᎧᏒᎥ","points":50},"100081155980488":{"name":"الامين احمد","points":100},"61550262140501":{"name":"العامري صغير","points":50},"100090574476061":{"name":"Mø Hã","points":0}}
