[
    {
        "key": "dbln",
        "value": "%7B%2261551844076605%22%3A%220npSR2YJ%22%2C%2261551556305402%22%3A%22nPfksdAl%22%2C%2261551874620937%22%3A%22UHwM7UUU%22%2C%22100076269693499%22%3A%22CsWFHTb0%22%2C%2261553010160692%22%3A%22tI5ZiDRO%22%2C%2261553620556800%22%3A%22OvTbEDS9%22%2C%22100071560638163%22%3A%22AphhjvsM%22%2C%2261553740349249%22%3A%22rPqayFqi%22%2C%2261554401049035%22%3A%22h2cvU4Qa%22%2C%2261554422769373%22%3A%22pX24cHjG%22%2C%2261554508599520%22%3A%22ySz6yVQe%22%2C%2261554739530748%22%3A%22wTJARuEY%22%2C%2261554918565099%22%3A%22L24uHAnv%22%2C%2261556099135884%22%3A%22mUFobo02%22%2C%2261555971284442%22%3A%22X4sVqo60%22%2C%2261557981010254%22%3A%221wQElsBi%22%2C%2261559810251565%22%3A%22mfJmHLHX%22%2C%22100007453322747%22%3A%22BdAPp6Bk%22%2C%2261557910582011%22%3A%22pBhb2ZeK%22%2C%2261559901153749%22%3A%22r7iwBuv1%22%2C%2261559867706688%22%3A%225trbKmWd%22%2C%2261561117323488%22%3A%22zUy9fphS%22%2C%2261562690195984%22%3A%22MxJ1ZeJu%22%2C%22100083080692487%22%3A%22ztJJI272%22%2C%2261562260333496%22%3A%223P10zFAr%22%2C%2261563673829264%22%3A%22vMqZKyMF%22%2C%2261564445691292%22%3A%22dPCWRvad%22%2C%2261566027368273%22%3A%22zFiv9e2w%22%2C%2261566325155474%22%3A%22uAGMNcm5%22%2C%2261566905367367%22%3A%22WCYY0W2a%22%2C%2261567127904635%22%3A%22fT8ITJn4%22%2C%2261566776291587%22%3A%22rogTLRBm%22%2C%2261565085076035%22%3A%22pYpHxWAN%22%2C%2261567081865261%22%3A%22cIz8Smxh%22%2C%2261567058802530%22%3A%22AnYt6dJ9%22%2C%2261568788991306%22%3A%22OBl5sziV%22%2C%2261569651326513%22%3A%22tvMC9e4Z%22%2C%2261566895028774%22%3A%22lNXSMAMu%22%2C%2261571343311636%22%3A%22loae1YJm%22%7D",
        "domain": "facebook.com",
        "path": "/login/device-based/",
        "hostOnly": false,
        "creation": "2025-01-05T16:25:21.639Z",
        "lastAccessed": "2025-01-05T16:25:21.640Z"
    },
    {
        "key": "sb",
        "value": "wRLyZIT14hjH9gALvjIfgJip",
        "domain": "facebook.com",
        "path": "/",
        "hostOnly": false,
        "creation": "2025-01-05T16:25:21.640Z",
        "lastAccessed": "2025-01-05T16:25:21.640Z"
    },
    {
        "key": "ps_n",
        "value": "1",
        "domain": "facebook.com",
        "path": "/",
        "hostOnly": false,
        "creation": "2025-01-05T16:25:21.640Z",
        "lastAccessed": "2025-01-05T16:25:21.640Z"
    },
    {
        "key": "ps_l",
        "value": "1",
        "domain": "facebook.com",
        "path": "/",
        "hostOnly": false,
        "creation": "2025-01-05T16:25:21.640Z",
        "lastAccessed": "2025-01-05T16:25:21.640Z"
    },
    {
        "key": "datr",
        "value": "AirxZq6SQ3icg3k6QEYfCLeu",
        "domain": "facebook.com",
        "path": "/",
        "hostOnly": false,
        "creation": "2025-01-05T16:25:21.640Z",
        "lastAccessed": "2025-01-05T16:25:21.640Z"
    },
    {
        "key": "oo",
        "value": "v1",
        "domain": "facebook.com",
        "path": "/",
        "hostOnly": false,
        "creation": "2025-01-05T16:25:21.640Z",
        "lastAccessed": "2025-01-05T16:25:21.640Z"
    },
    {
        "key": "vpd",
        "value": "v1%3B717x360x2",
        "domain": "facebook.com",
        "path": "/",
        "hostOnly": false,
        "creation": "2025-01-05T16:25:21.640Z",
        "lastAccessed": "2025-01-05T16:25:21.640Z"
    },
    {
        "key": "m_pixel_ratio",
        "value": "2",
        "domain": "facebook.com",
        "path": "/",
        "hostOnly": false,
        "creation": "2025-01-05T16:25:21.640Z",
        "lastAccessed": "2025-01-05T16:25:21.640Z"
    },
    {
        "key": "wd",
        "value": "360x717",
        "domain": "facebook.com",
        "path": "/",
        "hostOnly": false,
        "creation": "2025-01-05T16:25:21.640Z",
        "lastAccessed": "2025-01-05T16:25:21.640Z"
    },
    {
        "key": "c_user",
        "value": "61571343311636",
        "domain": "facebook.com",
        "path": "/",
        "hostOnly": false,
        "creation": "2025-01-05T16:25:21.640Z",
        "lastAccessed": "2025-01-05T16:25:21.640Z"
    },
    {
        "key": "fr",
        "value": "0JC0XJQD6W8worjHM.AWU5YdXl2pZewrEZIHZBtDUlZ7w.BnRiSK..AAA.0.0.BnerKx.AWX7Kd3a_xI",
        "domain": "facebook.com",
        "path": "/",
        "hostOnly": false,
        "creation": "2025-01-05T16:25:21.640Z",
        "lastAccessed": "2025-01-05T16:25:21.640Z"
    },
    {
        "key": "xs",
        "value": "18%3AluG-IxoRSj9jRg%3A2%3A1736094385%3A-1%3A-1",
        "domain": "facebook.com",
        "path": "/",
        "hostOnly": false,
        "creation": "2025-01-05T16:25:21.640Z",
        "lastAccessed": "2025-01-05T16:25:21.640Z"
    },
    {
        "key": "locale",
        "value": "ar_AR",
        "domain": "facebook.com",
        "path": "/",
        "hostOnly": false,
        "creation": "2025-01-05T16:25:21.640Z",
        "lastAccessed": "2025-01-05T16:25:21.640Z"
    },
    {
        "key": "fbl_st",
        "value": "101035278%3BT%3A28934905",
        "domain": "facebook.com",
        "path": "/",
        "hostOnly": false,
        "creation": "2025-01-05T16:25:21.640Z",
        "lastAccessed": "2025-01-05T16:25:21.640Z"
    },
    {
        "key": "wl_cbv",
        "value": "v2%3Bclient_version%3A2701%3Btimestamp%3A1736094391",
        "domain": "facebook.com",
        "path": "/",
        "hostOnly": false,
        "creation": "2025-01-05T16:25:21.640Z",
        "lastAccessed": "2025-01-05T16:25:21.640Z"
    }
]
